{"cameraMode":{"drawMode":0,"name":"Shaded","section":"Shading Mode"},"sceneLighting":false,"audioPlay":false,"sceneViewState":{"m_AlwaysRefresh":false,"showFog":false,"showSkybox":false,"showFlares":false,"showImageEffects":false,"showParticleSystems":false,"showVisualEffectGraphs":true,"m_FxEnabled":true},"in2DMode":false,"pivot":{"x":-0.8175075054168701,"y":0.5237096548080444,"z":-3.2228732109069826},"rotation":{"x":0.08337149024009705,"y":-0.0029001033399254085,"z":0.005517042241990566,"w":0.9965035319328308},"size":1.635733723640442,"orthographic":false}