{"cameraMode":{"drawMode":0,"name":"Shaded","section":"Shading Mode"},"sceneLighting":false,"audioPlay":false,"sceneViewState":{"m_AlwaysRefresh":false,"showFog":false,"showSkybox":false,"showFlares":false,"showImageEffects":false,"showParticleSystems":false,"showVisualEffectGraphs":true,"m_FxEnabled":true},"in2DMode":false,"pivot":{"x":0.012331336736679078,"y":0.7294101715087891,"z":2.617844581604004},"rotation":{"x":-0.09467228502035141,"y":0.029012734070420266,"z":0.008043305017054081,"w":0.9950475692749023},"size":3.7101151943206789,"orthographic":false}